<?xml version="1.0" encoding="utf-8"?>
<timmings>
	
<timming><name>定时生成首页-地图-xml文件</name><des>定时生成首页-地图-xml文件</des><status>0</status><file>timming_makehtml.php</file><paramets>action=otherday</paramets><weeks>1,2,3,4,5,6,0</weeks><hours>0,3,6,9,12,15,17,20,23</hours><runtime/></timming><timming><name>定时生成当天更新的视频内容页面</name><des>定时生成当天更新的视频内容页面</des><status>0</status><file>timming_makehtml.php</file><paramets>action=viewday&amp;amp;flag=vod&amp;amp;action2=</paramets><weeks>1,2,3,4,5,6,0</weeks><hours>0,4,7,9,13,16,17,21</hours><runtime/></timming><timming><name>定时生成当天更新的视频分类页面</name><des>定时生成当天更新的视频分类页面</des><status>0</status><file>timming_makehtml.php</file><paramets>action=typeday&amp;amp;flag=vod&amp;amp;action2=</paramets><weeks>1,2,3,4,5,6,0</weeks><hours>1,4,7,10,13,16,18,21</hours><runtime/></timming><timming><name>定时生成视频专题首页</name><des>定时生成视频专题首页</des><status>0</status><file>timming_makehtml.php</file><paramets>action=topicindex&amp;amp;flag=vod</paramets><weeks>1,2,3,4,5,6,0</weeks><hours>0,3,6,9,12,15,17,20,23</hours><runtime/></timming><timming><name>定时生成未生成的视频内容页面</name><des>定时生成未生成的视频内容页面</des><status>0</status><file>timming_makehtml.php</file><paramets>action=viewnomake&amp;amp;flag=vod</paramets><weeks>1,2,3,4,5,6,0</weeks><hours>0,3,6,9,12,15,17,20,23</hours><runtime></runtime></timming></timmings>
