<?xml version="1.0" encoding="gbk" ?>
<maxcms>
<update log="/admin/admin_video.asp----2009-11-24--20:58" />
<update log="/js/play.swf----2009-11-25--23:50" />
<update log="/admin/fckeditor/maxcms_upload.asp----2009-11-09--18:30" />
<update log="/admin/admin_reslib2009.asp----2009-11-09--18:30" />
<update log="/admin/admin_player.asp----2009-11-09--18:30" />
<update log="/js/qvod_install.html----2009-11-24--12:30" />
<update log="/js/flashplayer.jpg----2009-11-24--12:30" />
<update log="/js/play.html----2009-11-24--12:30" />
<update log="/js/play.swf----2009-11-24--12:30" />
<update log="/inc/ajax.asp----2009-11-24--12:30" />
<update log="/inc/MainClass.asp----2009-11-24--12:30" />
<update log="/inc/CommonFun.asp----2009-11-24--12:30" />
<update log="/admin/admin_video.asp----2009-11-24--12:30" />
<update log="/admin/admin_inc.asp----2009-11-24--12:30" />
<update log="/admin/admin_datarelate.asp----2009-11-24--12:30" />
<update log="/admin/imgs/btn_add.gif----2009-11-06--23:30" />
<update log="/admin/imgs/btn_dec.gif----2009-11-06--23:30" />
<update log="/admin/imgs/btn_map.gif----2009-11-06--23:30" />
<update log="/admin/imgs/main.js----2009-11-06--23:30" />
<update log="/admin/admin_datarelate.asp----2009-11-06--23:30" />
<update log="/admin/admin_gather.asp----2009-11-06--23:30" />
<update log="/admin/admin_inc.asp----2009-11-06--23:30" />
<update log="/admin/admin_makehtml.asp----2009-11-06--23:30" />
<update log="/admin/admin_player.asp----2009-11-06--23:30" />
<update log="/admin/admin_pseudo.asp----2009-11-06--23:30" />
<update log="/admin/admin_reslib2009.asp----2009-11-06--23:30" />
<update log="/admin/admin_template.asp----2009-11-06--23:30" />
<update log="/admin/admin_tempvideo.asp----2009-11-06--23:30" />
<update log="/admin/admin_type.asp----2009-11-06--23:30" />
<update log="/admin/admin_update.asp----2009-11-06--23:30" />
<update log="/admin/admin_video.asp----2009-11-06--23:30" />
<update log="/admin/index.asp----2009-11-06--23:30" />
<update log="/channel/index.asp----2009-11-06--23:30" />
<update log="/content/index.asp----2009-11-06--23:30" />
<update log="/inc/engine/escript.cls.asp----2009-11-06--23:30" />
<update log="/inc/timingacquisition.asp----2009-11-06--23:30" />
<update log="/inc/CommonFun.asp----2009-11-06--23:30" />
<update log="/admin/index.asp----2009-11-06--23:30" />
<update log="/js/swfobject.js----2009-11-06--23:30" />
<update log="/play/index.asp----2009-11-06--23:30" />
<update log="/search.asp----2009-11-06--23:30" />
<update log="/admin/imgs/res.css----2009-11-07--12:30" />
<update log="/js/play.html----2009-11-07--22:00" />
<update log="/js/play.swf----2009-11-07--22:00" />
<update log="/inc/MainClass.asp----2009-11-07--22:00" />
<update log="/admin/imgs/res.css----2009-11-07--12:30" />
<update log="/js/play2.swf----2009-11-07--15:30" />
<update log="/js/play.html----2009-11-07--03:30" />
<update log="/js/play2.swf----2009-11-07--03:30" />
<update log="/js/play.swf----2009-11-07--03:30" />
<update log="/admin/imgs/btn_add.gif----2009-11-06--23:30" />
<update log="/admin/imgs/btn_dec.gif----2009-11-06--23:30" />
<update log="/admin/imgs/btn_map.gif----2009-11-06--23:30" />
<update log="/admin/imgs/main.js----2009-11-06--23:30" />
<update log="/admin/admin_datarelate.asp----2009-11-06--23:30" />
<update log="/admin/admin_gather.asp----2009-11-06--23:30" />
<update log="/admin/admin_inc.asp----2009-11-06--23:30" />
<update log="/admin/admin_makehtml.asp----2009-11-06--23:30" />
<update log="/admin/admin_player.asp----2009-11-06--23:30" />
<update log="/admin/admin_pseudo.asp----2009-11-06--23:30" />
<update log="/admin/admin_reslib2009.asp----2009-11-06--23:30" />
<update log="/admin/admin_template.asp----2009-11-06--23:30" />
<update log="/admin/admin_tempvideo.asp----2009-11-06--23:30" />
<update log="/admin/admin_type.asp----2009-11-06--23:30" />
<update log="/admin/admin_update.asp----2009-11-06--23:30" />
<update log="/admin/admin_video.asp----2009-11-06--23:30" />
<update log="/admin/index.asp----2009-11-06--23:30" />
<update log="/channel/index.asp----2009-11-06--23:30" />
<update log="/content/index.asp----2009-11-06--23:30" />
<update log="/inc/engine/escript.cls.asp----2009-11-06--23:30" />
<update log="/inc/timingacquisition.asp----2009-11-06--23:30" />
<update log="/inc/CommonFun.asp----2009-11-06--23:30" />
<update log="/inc/MainClass.asp----2009-11-06--23:30" />
<update log="/admin/index.asp----2009-11-06--23:30" />
<update log="/js/play.html----2009-11-06--23:30" />
<update log="/js/play.swf----2009-11-06--23:30" />
<update log="/js/swfobject.js----2009-11-06--23:30" />
<update log="/play/index.asp----2009-11-06--23:30" />
<update log="/search.asp----2009-11-06--23:30" />
<update log="/admin/imgs/btn_add.gif----2009-11-06--23:30" />
<update log="/admin/imgs/btn_dec.gif----2009-11-06--23:30" />
<update log="/admin/imgs/btn_map.gif----2009-11-06--23:30" />
<update log="/admin/imgs/main.js----2009-11-06--23:30" />
<update log="/admin/admin_datarelate.asp----2009-11-06--23:30" />
<update log="/admin/admin_gather.asp----2009-11-06--23:30" />
<update log="/admin/admin_inc.asp----2009-11-06--23:30" />
<update log="/admin/admin_makehtml.asp----2009-11-06--23:30" />
<update log="/admin/admin_player.asp----2009-11-06--23:30" />
<update log="/admin/admin_pseudo.asp----2009-11-06--23:30" />
<update log="/admin/admin_reslib2009.asp----2009-11-06--23:30" />
<update log="/admin/admin_template.asp----2009-11-06--23:30" />
<update log="/admin/admin_tempvideo.asp----2009-11-06--23:30" />
<update log="/admin/admin_type.asp----2009-11-06--23:30" />
<update log="/admin/admin_update.asp----2009-11-06--23:30" />
<update log="/admin/admin_video.asp----2009-11-06--23:30" />
<update log="/admin/index.asp----2009-11-06--23:30" />
<update log="/channel/index.asp----2009-11-06--23:30" />
<update log="/content/index.asp----2009-11-06--23:30" />
<update log="/inc/engine/escript.cls.asp----2009-11-06--23:30" />
<update log="/inc/timingacquisition.asp----2009-11-06--23:30" />
<update log="/inc/CommonFun.asp----2009-11-06--23:30" />
<update log="/admin/index.asp----2009-11-06--23:30" />
<update log="/js/play.html----2009-11-06--23:30" />
<update log="/js/play.swf----2009-11-06--23:30" />
<update log="/js/swfobject.js----2009-11-06--23:30" />
<update log="/play/index.asp----2009-11-06--23:30" />
<update log="/search.asp----2009-11-06--23:30" />
</maxcms>