<?xml version="1.0" encoding="utf-8"?>
<players>
	
	<player status="1" sort="200" from="swf" show="flash文件" des="swf"><tip><![CDATA[无需安装任何插件]]></tip></player>
	<player status="1" sort="190" from="flv" show="flv文件" des="flv"><tip><![CDATA[无需安装任何插件]]></tip></player>
	<player status="1" sort="110" from="real" show="real播放器" des="real.cn"><tip><![CDATA[需要电脑安装RealPlayer播放器]]></tip></player>
	<player status="1" sort="100" from="media" show="mediaplayer" des="mediaplayer"><tip><![CDATA[无需安装任何插件]]></tip></player>
	
</players>
